1,Jayne,Russell,27 Darvel Avenue,Kilmarnock,KA3 9PW,7703632,jayne.russell@leidos.com,Jayne Russell,5656970000,556,01/08/2020
1,Liam ,Kerrigan,10 Whitchurch Lane,Bristol,BS9 8JR,770345,liam.kerrigan@leidos.com,Liam Kerrigan,59596600,449,01/09/2020
1,James,Lee,11 Dale Road,Leeds,BD11 1ND,770956,james.lee@leidos.com,James Lee,5858550000,447,01/10/2020
1,Sophie,Lennon,22 Waddell Street,Airdrie,ML6 6JU,78969,sophie.lennon@leidos.com,Sophie Lennon,4747530000,122,01/11/2020
1,Matthew,Potter,17 Riparian Way,West Yorkshire,BD20 7BW,7965,matthew.potter@leidos.com,Matthew Potter,878798000,212,01/12/2020
1,Kieran,Brawley,50 Blairhill Street,Coatbridge,ML5 1PG,746,kieran.brawley@leidos.com,Kieran Brawley,140015000,787,01/01/2021
1,Michael,Lynch,56 Greenlees Road,Cambuslang,G72 8JB,770523,michael.lynch@leidos.com,Michael Lynch,154247000,141,01/02/2021
1,Adam ,Kidd,101 Sauchiehall Street,Glasgow,G2 3LW,77035,adam.kidd@leidos.com    ,Adam Kidd,54545400,787,01/03/2021
1,Darren ,Robertson,78 Edinburgh Road,Glasgow,G2 7PY,7706,darren.robertson@leidos.com,Darren Robertson,444456000,747,01/04/2021
1,Kav ,Khalsa,51 Salsa Street,Irvine,KA5 5TY,7828,kav.khalsa@leidos.com,Kav Khalsa,125478000,141,01/05/2021
1,James ,Leek,1 Main Street,Hamilton,ML3 9To,745415,james.leek@leidos.com,James Leek,111122000,774,01/06/2021
1,Nathan,Hinsley,16 Corner Street,Motherwell,ML1 4RD,7454,nathan.hinsley@leidos.com,Nathan Hinsley,878799,471,01/07/2021
1,Daniel ,Odediran,56 Line Road,London,SW6 8LK,7433,daniel.odediran@leidos.com,Daniel Odediran,47474500,784,01/08/2021
1,Carmen ,Alba,97 Podd Way,Liverpool,CR9 2BY,751111,carmen.alba@leidos.com,Carmen Alba,777756,474,01/09/2021
